{
  "hash": "88659f98",
  "configHash": "1688095a",
  "lockfileHash": "508e3700",
  "browserHash": "e26f5d6b",
  "optimized": {
    "@angular/common/http": {
      "src": "../../../../../../node_modules/@angular/common/fesm2022/http.mjs",
      "file": "@angular_common_http.js",
      "fileHash": "6f6bde92",
      "needsInterop": false
    },
    "@angular/core": {
      "src": "../../../../../../node_modules/@angular/core/fesm2022/core.mjs",
      "file": "@angular_core.js",
      "fileHash": "bc7e5857",
      "needsInterop": false
    },
    "@angular/forms": {
      "src": "../../../../../../node_modules/@angular/forms/fesm2022/forms.mjs",
      "file": "@angular_forms.js",
      "fileHash": "e2601afc",
      "needsInterop": false
    },
    "@angular/material/button": {
      "src": "../../../../../../node_modules/@angular/material/fesm2022/button.mjs",
      "file": "@angular_material_button.js",
      "fileHash": "b07b12f4",
      "needsInterop": false
    },
    "@angular/material/card": {
      "src": "../../../../../../node_modules/@angular/material/fesm2022/card.mjs",
      "file": "@angular_material_card.js",
      "fileHash": "8aea7578",
      "needsInterop": false
    },
    "@angular/material/divider": {
      "src": "../../../../../../node_modules/@angular/material/fesm2022/divider.mjs",
      "file": "@angular_material_divider.js",
      "fileHash": "03d6a45e",
      "needsInterop": false
    },
    "@angular/material/form-field": {
      "src": "../../../../../../node_modules/@angular/material/fesm2022/form-field.mjs",
      "file": "@angular_material_form-field.js",
      "fileHash": "44232531",
      "needsInterop": false
    },
    "@angular/material/icon": {
      "src": "../../../../../../node_modules/@angular/material/fesm2022/icon.mjs",
      "file": "@angular_material_icon.js",
      "fileHash": "01619553",
      "needsInterop": false
    },
    "@angular/material/input": {
      "src": "../../../../../../node_modules/@angular/material/fesm2022/input.mjs",
      "file": "@angular_material_input.js",
      "fileHash": "243539bf",
      "needsInterop": false
    },
    "@angular/material/list": {
      "src": "../../../../../../node_modules/@angular/material/fesm2022/list.mjs",
      "file": "@angular_material_list.js",
      "fileHash": "d85e8875",
      "needsInterop": false
    },
    "@angular/material/toolbar": {
      "src": "../../../../../../node_modules/@angular/material/fesm2022/toolbar.mjs",
      "file": "@angular_material_toolbar.js",
      "fileHash": "d0293db6",
      "needsInterop": false
    },
    "@angular/platform-browser": {
      "src": "../../../../../../node_modules/@angular/platform-browser/fesm2022/platform-browser.mjs",
      "file": "@angular_platform-browser.js",
      "fileHash": "b46de5ca",
      "needsInterop": false
    },
    "@angular/platform-browser/animations/async": {
      "src": "../../../../../../node_modules/@angular/platform-browser/fesm2022/animations/async.mjs",
      "file": "@angular_platform-browser_animations_async.js",
      "fileHash": "55c34d4e",
      "needsInterop": false
    },
    "@angular/platform-server": {
      "src": "../../../../../../node_modules/@angular/platform-server/fesm2022/platform-server.mjs",
      "file": "@angular_platform-server.js",
      "fileHash": "93587f14",
      "needsInterop": false
    },
    "@angular/router": {
      "src": "../../../../../../node_modules/@angular/router/fesm2022/router.mjs",
      "file": "@angular_router.js",
      "fileHash": "b3fb4fa4",
      "needsInterop": false
    }
  },
  "chunks": {
    "xhr2-ISERFGGE": {
      "file": "xhr2-ISERFGGE.js"
    },
    "browser-X3LDNBDH": {
      "file": "browser-X3LDNBDH.js"
    },
    "chunk-5HQDEMAE": {
      "file": "chunk-5HQDEMAE.js"
    },
    "chunk-3S3PNBOL": {
      "file": "chunk-3S3PNBOL.js"
    },
    "chunk-K2LQV4OQ": {
      "file": "chunk-K2LQV4OQ.js"
    },
    "chunk-PRTXSR2C": {
      "file": "chunk-PRTXSR2C.js"
    },
    "chunk-QTH3CNBS": {
      "file": "chunk-QTH3CNBS.js"
    },
    "chunk-54SS6QC6": {
      "file": "chunk-54SS6QC6.js"
    },
    "chunk-PXKZCS3V": {
      "file": "chunk-PXKZCS3V.js"
    },
    "chunk-XVZ3RVQ2": {
      "file": "chunk-XVZ3RVQ2.js"
    },
    "chunk-MWNZX5KB": {
      "file": "chunk-MWNZX5KB.js"
    },
    "chunk-44JQ5FZC": {
      "file": "chunk-44JQ5FZC.js"
    },
    "chunk-NQ4HTGF6": {
      "file": "chunk-NQ4HTGF6.js"
    }
  }
}