{
  "hash": "a518b72a",
  "configHash": "b6f82f57",
  "lockfileHash": "508e3700",
  "browserHash": "bdbe4fe8",
  "optimized": {
    "@angular/common/http": {
      "src": "../../../../../../node_modules/@angular/common/fesm2022/http.mjs",
      "file": "@angular_common_http.js",
      "fileHash": "79f68bee",
      "needsInterop": false
    },
    "@angular/core": {
      "src": "../../../../../../node_modules/@angular/core/fesm2022/core.mjs",
      "file": "@angular_core.js",
      "fileHash": "5faa60a7",
      "needsInterop": false
    },
    "@angular/forms": {
      "src": "../../../../../../node_modules/@angular/forms/fesm2022/forms.mjs",
      "file": "@angular_forms.js",
      "fileHash": "4c13e562",
      "needsInterop": false
    },
    "@angular/material/button": {
      "src": "../../../../../../node_modules/@angular/material/fesm2022/button.mjs",
      "file": "@angular_material_button.js",
      "fileHash": "8874cfe0",
      "needsInterop": false
    },
    "@angular/material/card": {
      "src": "../../../../../../node_modules/@angular/material/fesm2022/card.mjs",
      "file": "@angular_material_card.js",
      "fileHash": "04d0e4d5",
      "needsInterop": false
    },
    "@angular/material/divider": {
      "src": "../../../../../../node_modules/@angular/material/fesm2022/divider.mjs",
      "file": "@angular_material_divider.js",
      "fileHash": "5daec2ab",
      "needsInterop": false
    },
    "@angular/material/form-field": {
      "src": "../../../../../../node_modules/@angular/material/fesm2022/form-field.mjs",
      "file": "@angular_material_form-field.js",
      "fileHash": "0d98ffd3",
      "needsInterop": false
    },
    "@angular/material/icon": {
      "src": "../../../../../../node_modules/@angular/material/fesm2022/icon.mjs",
      "file": "@angular_material_icon.js",
      "fileHash": "3f7c40c2",
      "needsInterop": false
    },
    "@angular/material/input": {
      "src": "../../../../../../node_modules/@angular/material/fesm2022/input.mjs",
      "file": "@angular_material_input.js",
      "fileHash": "f3376c41",
      "needsInterop": false
    },
    "@angular/material/list": {
      "src": "../../../../../../node_modules/@angular/material/fesm2022/list.mjs",
      "file": "@angular_material_list.js",
      "fileHash": "68a2de53",
      "needsInterop": false
    },
    "@angular/material/toolbar": {
      "src": "../../../../../../node_modules/@angular/material/fesm2022/toolbar.mjs",
      "file": "@angular_material_toolbar.js",
      "fileHash": "9747026e",
      "needsInterop": false
    },
    "@angular/platform-browser": {
      "src": "../../../../../../node_modules/@angular/platform-browser/fesm2022/platform-browser.mjs",
      "file": "@angular_platform-browser.js",
      "fileHash": "ad64b0c5",
      "needsInterop": false
    },
    "@angular/platform-browser/animations/async": {
      "src": "../../../../../../node_modules/@angular/platform-browser/fesm2022/animations/async.mjs",
      "file": "@angular_platform-browser_animations_async.js",
      "fileHash": "85980d25",
      "needsInterop": false
    },
    "@angular/router": {
      "src": "../../../../../../node_modules/@angular/router/fesm2022/router.mjs",
      "file": "@angular_router.js",
      "fileHash": "5d8b2095",
      "needsInterop": false
    }
  },
  "chunks": {
    "browser-WEF55TRU": {
      "file": "browser-WEF55TRU.js"
    },
    "chunk-DXLSYD3M": {
      "file": "chunk-DXLSYD3M.js"
    },
    "chunk-UDUB3KVY": {
      "file": "chunk-UDUB3KVY.js"
    },
    "chunk-QBBKNZBK": {
      "file": "chunk-QBBKNZBK.js"
    },
    "chunk-GIHDX7WO": {
      "file": "chunk-GIHDX7WO.js"
    },
    "chunk-DILUSPHX": {
      "file": "chunk-DILUSPHX.js"
    },
    "chunk-FBYD7BNJ": {
      "file": "chunk-FBYD7BNJ.js"
    },
    "chunk-K4U3JJF5": {
      "file": "chunk-K4U3JJF5.js"
    },
    "chunk-BENP2FU6": {
      "file": "chunk-BENP2FU6.js"
    },
    "chunk-ZEBJVTGM": {
      "file": "chunk-ZEBJVTGM.js"
    }
  }
}